,Area,"Abaca, manila hemp, raw","Agave fibres, raw, n.e.c.","Almonds, in shell","Anise, badian, coriander, cumin, caraway, fennel and juniper berries, raw",Apples,Apricots,Artichokes,Asparagus,Avocados,"Balata, gutta-percha, guayule, chicle and similar natural gums in primary forms or in plates, sheets or strip",Bananas,Barley,"Beans, dry","Beer of barley, malted",Beeswax,Blueberries,"Brazil nuts, in shell","Broad beans and horse beans, dry","Broad beans and horse beans, green",Buckwheat,Butter of cow milk,"Buttermilk, dry",Cabbages,Canary seed,Cantaloupes and other melons,Carrots and turnips,"Cashew nuts, in shell",Cashewapple,"Cassava, fresh",Castor oil seeds,"Cattle fat, unrendered",Cauliflowers and broccoli,Cereals n.e.c.,"Cheese from milk of goats, fresh or processed","Cheese from milk of sheep, fresh or processed",Cheese from skimmed cow milk,Cheese from whole cow milk,Cherries,"Chestnuts, in shell","Chick peas, dry","Chillies and peppers, dry (Capsicum spp., Pimenta spp.), raw","Chillies and peppers, green (Capsicum spp. and Pimenta spp.)",Cocoa beans,Coconut oil,"Coconuts, in shell","Coffee, green","Cotton lint, ginned",Cotton seed,Cottonseed oil,"Cow peas, dry","Cream, fresh",Cucumbers and gherkins,Dates,"Edible offal of cattle, fresh, chilled or frozen","Edible offal of goat, fresh, chilled or frozen","Edible offal of pigs, fresh, chilled or frozen","Edible offal of sheep, fresh, chilled or frozen","Edible offals of camels and other camelids, fresh, chilled or frozen","Edible offals of horses and other equines,  fresh, chilled or frozen","Edible roots and tubers with high starch or inulin content, n.e.c., fresh",Eggplants (aubergines),"Eggs from other birds in shell, fresh, n.e.c.",Fat of pigs,Figs,"Flax, raw or retted","Game meat, fresh, chilled or frozen",Ghee from cow milk,"Ginger, raw","Goat fat, unrendered",Grapes,Green corn (maize),Green garlic,Groundnut oil,"Groundnuts, excluding shelled",Hempseed,"Hen eggs in shell, fresh",Hop cones,"Horse meat, fresh or chilled","Jute, raw or retted","Kenaf, and other textile bast fibres, raw or retted",Kiwi fruit,Leeks and other alliaceous vegetables,Lemons and limes,"Lentils, dry",Lettuce and chicory,Linseed,Lupins,Maize (corn),"Mangoes, guavas and mangosteens",Margarine and shortening,Mat√© leaves,"Meat of cattle with the bone, fresh or chilled","Meat of chickens, fresh or chilled","Meat of ducks, fresh or chilled","Meat of geese, fresh or chilled","Meat of goat, fresh or chilled","Meat of other domestic camelids, fresh or chilled","Meat of other domestic rodents, fresh or chilled","Meat of pig with the bone, fresh or chilled","Meat of rabbits and hares, fresh or chilled","Meat of sheep, fresh or chilled","Meat of turkeys, fresh or chilled",Millet,Molasses,Natural honey,Natural rubber in primary forms,Oats,Oil of linseed,Oil of maize,Oil of palm kernel,Oil of sesame seed,Oil palm fruit,Okra,Olive oil,Olives,"Onions and shallots, dry (excluding dehydrated)","Onions and shallots, green",Oranges,"Other beans, green",Other berries and fruits of the genus vaccinium n.e.c.,"Other citrus fruit, n.e.c.","Other fibre crops, raw, n.e.c.","Other fruits, n.e.c.","Other meat n.e.c. (excluding mammals), fresh, chilled or frozen","Other nuts (excluding wild edible nuts and groundnuts), in shell, n.e.c.","Other oil seeds, n.e.c.",Other pulses n.e.c.,"Other stimulant, spice and aromatic crops, n.e.c.",Other sugar crops n.e.c.,"Other tropical fruits, n.e.c.","Other vegetables, fresh n.e.c.",Palm kernels,Palm oil,Papayas,Peaches and nectarines,Pears,"Peas, dry","Peas, green","Pepper (Piper spp.), raw","Peppermint, spearmint",Persimmons,"Pig fat, rendered","Pigeon peas, dry",Pineapples,Plantains and cooking bananas,Plums and sloes,Pomelos and grapefruits,Potatoes,"Pumpkins, squash and gourds","Pyrethrum, dried flowers",Quinces,Quinoa,"Ramie, raw or retted",Rape or colza seed,"Rapeseed or canola oil, crude",Raw cane or beet sugar (centrifugal only),Raw hides and skins of cattle,Raw hides and skins of goats or kids,Raw hides and skins of sheep or lambs,Raw milk of cattle,Raw milk of goats,Raw milk of sheep,Raw silk (not thrown),Rice,Rye,Safflower seed,"Safflower-seed oil, crude","Seed cotton, unginned",Sesame seed,"Sheep fat, unrendered","Shorn wool, greasy, including fleece-washed shorn wool",Silk-worm cocoons suitable for reeling,"Sisal, raw",Skim milk and whey powder,Skim milk of cows,Sorghum,Sour cherries,Soya bean oil,Soya beans,Spinach,Strawberries,String beans,Sugar beet,Sugar cane,Sunflower seed,"Sunflower-seed oil, crude",Sweet potatoes,Tallow,"Tangerines, mandarins, clementines",Taro,Tea leaves,Tomatoes,Triticale,"True hemp, raw or retted",Tung nuts,Unmanufactured tobacco,"Walnuts, in shell",Watermelons,Wheat,"Whey, dry",Whole milk powder,"Whole milk, condensed","Whole milk, evaporated",Wine,Yams,Yautia,Yoghurt
0,Argentina,0,0,1,1,1,1,1,1,1,0,1,1,1,1,1,0,0,1,0,0,1,0,0,1,1,1,0,0,1,1,1,0,1,0,0,0,1,1,0,1,1,1,0,0,0,0,1,1,1,0,1,0,0,1,1,1,1,0,1,0,0,0,1,1,1,1,1,0,1,1,0,1,1,1,0,1,1,1,0,0,0,0,1,1,0,1,1,1,1,1,1,1,1,1,1,1,0,0,1,1,1,1,1,1,1,0,1,1,1,0,0,0,0,1,1,1,0,1,1,0,0,1,0,1,0,1,0,1,0,0,1,0,0,1,1,1,1,1,0,1,0,1,0,1,0,1,1,1,1,0,1,0,0,1,1,1,1,1,1,1,0,0,0,1,1,1,1,1,0,1,1,0,0,1,1,1,0,1,1,0,1,1,0,1,1,1,1,1,1,0,1,1,0,0,1,1,1,1,1,1,1,1,1,1,0,0,0
1,Bolivia (Plurinational State of),0,0,0,0,1,0,0,0,1,0,1,1,1,1,0,0,1,1,1,0,1,0,1,0,0,1,0,0,1,0,1,1,1,1,1,0,0,1,1,1,0,1,1,0,0,1,1,1,1,0,0,1,0,1,1,1,1,1,0,1,0,0,1,1,0,0,0,0,1,1,1,1,1,1,0,1,0,0,0,0,0,0,1,0,1,0,0,1,1,0,0,1,1,1,0,1,1,1,1,1,1,1,0,1,1,1,1,0,0,0,0,0,0,0,0,1,0,1,1,0,0,0,1,0,0,0,0,1,0,0,1,0,0,1,1,1,1,1,1,0,0,0,0,1,1,1,1,1,1,1,1,1,0,0,0,1,1,1,1,1,1,1,0,1,1,0,0,1,0,1,1,0,0,1,1,1,1,1,1,0,1,0,0,1,1,1,1,0,1,0,1,1,0,0,0,1,0,1,1,0,1,0,0,1,0,0,0
2,Brazil,0,0,0,0,1,0,0,0,1,1,1,1,1,1,1,0,1,1,0,1,1,0,0,0,1,0,1,1,1,1,1,0,0,0,0,1,1,0,1,0,0,0,1,1,1,1,1,1,1,0,1,0,0,1,1,1,1,0,1,0,0,1,1,1,0,0,0,0,1,1,0,1,1,1,0,1,0,1,1,1,0,0,1,0,0,1,0,1,1,1,1,1,1,1,0,1,0,0,1,1,1,1,0,1,1,1,1,1,1,1,0,1,0,0,1,1,0,1,0,0,0,1,0,0,1,1,0,0,0,1,1,1,1,1,1,1,1,0,1,0,1,1,0,1,0,0,1,1,0,1,1,0,1,1,1,1,1,1,1,1,1,0,1,1,1,0,0,1,1,1,1,1,1,0,1,1,0,1,1,0,1,0,0,1,1,1,1,1,1,0,1,1,1,0,1,1,1,1,1,0,1,1,1,1,1,0,0
3,Chile,0,0,1,0,1,1,1,1,1,0,0,1,1,1,1,0,0,0,1,0,1,1,1,0,1,1,0,0,0,0,1,1,0,1,0,1,1,1,0,1,0,1,0,0,0,0,0,0,1,0,1,1,0,1,1,1,1,0,1,0,0,0,1,0,1,0,0,0,1,1,1,1,0,0,1,1,0,1,0,1,1,0,1,1,1,1,1,1,0,1,0,1,1,0,0,1,0,0,1,0,1,1,0,1,1,0,1,1,0,0,0,0,0,1,1,1,0,1,1,0,0,1,1,0,1,0,0,0,0,0,1,0,0,1,1,1,1,1,0,0,0,1,0,0,0,1,0,1,1,0,0,0,0,1,1,1,1,1,1,1,1,0,0,1,1,0,0,0,0,1,1,0,0,1,1,0,0,1,1,0,1,0,1,0,1,1,1,1,0,0,0,1,1,1,0,1,1,1,1,1,1,1,1,1,0,0,0
4,Colombia,0,1,0,0,1,0,0,1,1,0,1,1,1,1,0,0,0,1,1,0,1,0,1,0,1,1,0,0,1,0,1,1,0,0,0,0,1,0,0,1,0,1,1,1,1,1,1,1,1,0,1,1,1,1,1,1,1,0,1,1,1,0,1,1,0,0,0,0,1,1,0,1,0,1,0,1,0,1,0,0,0,0,1,1,1,0,0,1,1,1,0,1,1,0,0,1,0,0,1,1,1,0,0,1,1,1,1,0,1,1,1,1,0,0,0,1,0,1,0,0,1,0,1,0,1,0,0,1,1,1,1,1,1,1,1,1,1,1,0,0,0,1,0,1,1,1,0,1,1,0,0,0,0,1,1,1,1,1,1,1,0,0,0,1,0,0,0,1,1,1,1,0,0,0,1,1,0,1,1,1,1,0,1,1,1,1,0,1,1,0,1,1,0,0,0,1,0,1,1,0,1,1,1,1,1,0,0
5,Ecuador,1,1,0,1,1,1,0,1,1,0,1,1,1,1,1,0,0,1,1,0,1,0,1,0,1,1,0,0,1,1,1,1,0,0,1,0,1,0,0,0,0,1,1,1,1,1,1,1,1,0,1,1,0,1,1,1,1,0,0,1,0,0,1,1,0,0,0,0,1,1,0,1,0,1,0,1,0,0,0,0,0,0,1,1,1,1,1,1,1,1,0,1,1,1,1,1,0,0,1,1,1,1,0,1,1,1,1,0,0,1,0,1,0,0,0,0,1,1,1,1,1,0,1,1,0,0,1,1,0,1,1,1,1,1,1,1,1,1,1,0,0,1,0,1,1,1,1,1,1,1,0,1,0,0,0,1,1,1,1,1,1,1,0,1,1,0,0,1,1,1,1,0,0,0,1,1,0,1,1,0,1,0,1,1,1,0,1,0,1,0,1,1,0,0,0,1,0,1,1,0,1,0,0,0,0,0,0
6,French Guiana,0,0,0,0,0,0,0,0,1,0,1,0,0,0,0,0,0,0,0,0,0,0,1,0,0,0,0,0,1,0,1,0,0,0,0,0,0,0,0,0,1,0,0,0,1,0,0,0,0,0,0,1,0,1,1,1,1,0,0,0,0,0,1,0,0,0,0,0,1,0,0,0,0,0,0,1,0,0,0,0,0,0,1,0,1,0,0,1,1,0,0,1,1,1,0,1,0,0,1,0,1,0,0,0,0,0,0,0,0,0,0,0,0,0,0,0,0,1,1,0,1,0,1,0,0,0,0,0,0,1,1,0,0,1,0,0,0,0,0,0,0,0,0,1,1,0,1,0,0,0,0,0,0,0,0,0,1,1,1,1,0,0,0,1,0,0,0,0,0,1,0,0,0,0,0,0,0,0,1,0,0,0,0,1,0,0,0,0,1,1,0,1,0,0,0,0,0,0,0,0,0,0,0,0,0,0,0
7,Guyana,0,0,0,0,0,0,0,0,1,1,1,0,0,1,0,0,0,1,0,0,0,0,1,0,0,0,0,1,1,0,1,0,0,0,0,0,0,1,0,0,0,1,1,1,1,1,0,0,0,1,0,1,0,1,1,1,1,0,0,1,1,0,1,0,0,0,0,1,1,0,0,0,0,1,0,1,0,0,0,0,0,0,1,0,0,0,0,1,1,1,0,1,1,0,0,1,0,0,1,0,1,0,0,1,1,0,0,0,0,0,0,0,1,0,0,1,1,1,1,0,1,0,1,0,0,0,0,1,0,1,1,0,0,1,0,0,1,0,1,0,0,0,0,1,1,0,1,0,1,0,0,0,0,0,0,1,1,1,1,1,0,0,0,1,0,0,0,0,0,1,0,0,0,0,0,0,0,0,1,0,0,0,0,1,0,0,1,0,0,1,0,1,0,0,0,1,0,1,0,0,0,0,0,0,1,0,0
8,Paraguay,0,0,0,0,1,0,0,0,1,0,1,0,1,1,1,0,0,1,0,0,1,0,0,0,1,1,0,0,1,1,1,0,0,0,0,0,0,0,0,0,0,1,0,0,0,1,1,1,1,0,0,0,0,1,1,1,1,0,1,0,0,1,1,0,0,0,0,0,1,1,0,1,1,1,0,1,0,1,0,0,0,0,1,0,0,0,0,1,1,0,1,1,1,1,1,1,0,0,1,0,1,1,0,1,1,0,0,0,0,1,0,1,0,0,0,1,1,1,0,0,0,0,1,0,0,0,0,0,0,1,1,1,1,1,1,1,1,0,0,0,0,0,0,1,0,1,1,1,1,0,0,0,0,1,1,1,1,1,1,1,0,0,0,1,0,0,0,1,1,1,1,0,0,0,1,1,0,1,1,0,1,0,0,1,1,1,1,1,1,0,0,1,0,0,1,1,0,1,1,0,0,0,0,1,0,0,0
9,Peru,0,0,0,1,1,1,1,1,1,0,1,1,1,1,0,1,1,1,1,0,1,0,1,0,1,1,1,0,1,1,1,1,1,1,0,1,1,1,1,1,1,1,1,0,1,1,1,1,1,1,0,1,1,1,1,1,1,1,0,1,1,0,1,1,0,1,0,1,1,1,1,1,0,1,0,1,0,0,1,0,0,1,1,1,1,1,1,1,1,1,0,1,1,0,0,1,1,1,1,1,1,0,0,1,1,1,1,0,0,1,0,1,0,1,1,1,0,1,1,0,1,0,1,0,1,1,1,1,0,1,1,1,1,1,1,1,1,1,1,0,0,1,0,1,1,1,1,1,1,0,1,1,0,0,0,1,1,1,1,1,1,0,0,1,1,0,0,1,1,1,1,0,0,0,1,1,1,1,1,1,1,1,0,1,0,0,1,1,1,0,1,1,0,0,0,1,1,1,1,0,0,1,1,1,0,1,0
10,South America,1,1,1,1,1,1,1,1,1,1,1,1,1,1,1,0,1,1,1,1,1,1,1,1,1,1,1,1,1,1,1,1,1,1,1,1,1,1,1,1,1,1,1,1,1,1,1,1,1,0,1,1,1,1,1,1,1,1,1,1,1,1,1,1,1,1,0,0,1,1,1,1,1,1,1,1,1,1,1,1,1,0,1,1,1,1,1,1,1,1,1,1,1,1,1,1,1,1,1,1,1,1,1,1,1,1,1,1,1,1,1,1,0,1,1,1,1,1,1,1,1,1,1,1,1,1,1,1,0,1,1,1,1,1,1,1,1,1,1,1,1,1,1,1,1,1,1,1,1,1,1,1,1,1,1,1,1,1,1,1,1,1,1,1,1,1,1,1,1,1,1,1,1,1,1,1,0,1,1,1,1,1,1,1,1,1,1,1,1,1,1,1,0,1,1,1,1,1,1,0,1,1,1,1,1,1,0
11,Suriname,0,0,0,0,0,0,0,0,0,0,1,0,0,1,0,0,0,0,0,0,1,0,1,0,0,0,0,0,1,0,1,0,0,0,0,0,0,1,0,0,0,0,1,1,1,1,0,0,0,0,0,1,0,1,1,1,1,0,0,1,0,0,1,0,0,0,0,0,1,0,0,0,0,1,0,1,0,0,0,0,0,0,1,0,0,0,0,1,1,1,0,1,1,1,0,1,0,0,1,0,1,0,0,1,1,0,0,0,0,1,0,1,0,0,0,0,0,1,1,0,1,0,0,0,0,0,1,0,0,1,1,1,1,1,0,0,0,0,0,0,0,0,0,1,1,0,1,0,0,0,0,0,0,0,0,1,1,1,1,1,0,0,0,1,0,0,0,0,0,1,0,0,0,0,1,0,0,0,1,0,0,0,0,1,0,0,1,0,0,0,0,1,0,0,0,0,0,1,0,0,0,0,0,0,0,0,0
12,Uruguay,0,0,0,0,1,0,0,0,0,0,0,1,1,1,1,0,0,1,0,0,1,0,1,1,1,1,0,0,0,0,1,0,0,0,0,1,1,0,0,0,0,1,0,0,0,0,1,1,1,0,1,0,0,1,0,1,1,0,1,0,0,0,1,0,0,1,1,0,0,1,1,1,1,1,0,1,0,1,0,0,0,0,1,0,0,1,0,1,0,0,0,1,1,1,1,0,0,0,1,1,1,1,0,1,1,0,1,1,0,0,0,0,0,0,1,1,0,1,1,0,0,0,1,0,0,0,0,0,0,0,1,0,0,0,1,1,1,0,0,0,0,1,0,0,0,1,1,1,1,0,1,0,0,1,1,1,1,0,1,1,0,0,0,1,0,0,0,1,0,1,1,0,0,1,1,1,0,1,1,0,0,0,1,1,1,1,1,1,1,0,0,1,0,0,0,1,0,1,1,1,1,0,1,1,0,0,1
13,Venezuela (Bolivarian Republic of),0,0,0,0,0,0,0,0,1,1,1,0,1,1,1,0,0,0,0,0,1,0,1,0,1,1,0,0,1,0,1,1,0,0,0,0,1,0,0,0,0,1,1,1,1,1,1,1,1,0,1,1,0,1,1,1,1,0,0,1,1,0,1,1,0,0,0,0,1,1,0,1,1,1,0,1,0,0,0,0,0,0,1,0,1,0,0,1,1,1,0,1,1,0,0,1,0,0,1,1,1,0,0,1,1,0,0,1,1,1,1,1,0,0,0,1,1,1,0,0,0,0,1,0,0,0,0,0,0,1,1,1,1,1,1,0,1,0,0,0,0,1,1,1,1,0,1,1,1,0,0,0,0,0,0,1,1,1,1,1,0,0,0,1,0,0,0,1,1,1,0,0,1,1,1,1,0,1,1,1,1,1,1,1,1,1,1,1,1,0,0,1,0,0,0,1,0,1,1,0,1,1,0,0,1,1,0
